C12_resid,C12_resname,occupancy,top_partner_1,partner1_occ,top_partner_2,partner2_occ
165,TRP,1.0,GLN362,1.0,GLN358,1.0
164,CYS,1.0,GLN358,1.0,ASP355,0.3836163836163836
59,LYS,1.0,MET373,1.0,GLU370,0.04995004995004995
29,ARG,1.0,GLU370,1.0,MET371,1.0
162,GLN,1.0,GLN358,0.996003996003996,LYS361,0.99000999000999
32,GLN,1.0,MET371,0.999000999000999,GLU374,0.997002997002997
161,ARG,1.0,SER351,1.0,ILE354,1.0
34,TYR,1.0,GLU374,1.0,ILE375,1.0
36,VAL,1.0,LEU378,1.0,ASP377,1.0
149,HIS,1.0,LYS372,1.0,ASP376,0.7692307692307693
206,ASN,1.0,GLN362,1.0,ARG359,1.0
146,GLY,1.0,ALA379,1.0,GLU405,0.0
145,ASP,1.0,ASP376,1.0,LYS372,1.0
108,GLN,1.0,ARG397,1.0,GLU393,0.002997002997002997
107,GLY,1.0,LEU390,1.0,ARG397,0.9400599400599401
106,GLY,1.0,ARG397,1.0,GLU393,1.0
104,ILE,1.0,LYS389,1.0,GLU393,0.25274725274725274
103,MET,1.0,THR386,1.0,LYS389,1.0
102,TRP,1.0,LEU390,1.0,THR386,0.06393606393606394
81,ASP,1.0,LYS372,1.0,SER369,0.00999000999000999
63,THR,1.0,GLU365,1.0,GLU405,0.0
61,ASP,1.0,LYS366,1.0,GLU370,0.08791208791208792
147,ASN,1.0,ILE375,1.0,ASP376,1.0
21,VAL,1.0,LEU378,1.0,ASN381,1.0
20,GLU,1.0,ASN381,1.0,GLU405,0.0
19,THR,1.0,ASP377,1.0,ASN381,1.0
14,ASP,1.0,SER380,1.0,ASP377,0.993006993006993
13,ILE,1.0,ASP377,1.0,GLU405,0.0
12,LYS,1.0,ASP376,1.0,SER380,1.0
272,HIS,1.0,ASP377,1.0,GLU374,0.015984015984015984
271,HIS,1.0,GLU374,1.0,GLU370,1.0
269,HIS,1.0,MET373,1.0,ASP377,0.6963036963036963
267,LYS,1.0,ASP377,1.0,MET373,0.9920079920079921
207,ILE,1.0,GLN362,1.0,GLU365,0.001998001998001998
28,LYS,1.0,GLU370,1.0,LYS366,0.7912087912087912
208,ASN,1.0,LYS366,1.0,GLU365,1.0
217,LYS,0.999000999000999,ARG359,0.999000999000999,ASN356,0.16083916083916083
205,THR,0.998001998001998,ARG359,0.998001998001998,GLU405,0.0
15,CYS,0.998001998001998,ASP377,0.998001998001998,GLU405,0.0
209,GLY,0.998001998001998,LYS363,0.989010989010989,GLN362,0.989010989010989
254,GLU,0.996003996003996,GLU370,0.996003996003996,LYS366,0.13386613386613386
277,TRP,0.993006993006993,LYS366,0.993006993006993,GLU405,0.0
79,ARG,0.7422577422577422,LYS372,0.7382617382617382,GLU365,0.023976023976023976
210,ASN,0.7192807192807192,ARG359,0.7192807192807192,GLU405,0.0
99,LYS,0.6843156843156843,THR386,0.6843156843156843,GLU405,0.0
26,SER,0.6413586413586414,GLU374,0.6413586413586414,GLU405,0.0
100,ARG,0.5304695304695305,VAL382,0.5304695304695305,GLU405,0.0
105,ASN,0.44755244755244755,LYS389,0.34665334665334663,ARG397,0.27472527472527475
278,PRO,0.3126873126873127,LYS366,0.3126873126873127,GLU405,0.0
35,ARG,0.2807192807192807,GLU374,0.2677322677322677,LEU378,0.02197802197802198
18,GLU,0.2757242757242757,SER384,0.2757242757242757,GLU405,0.0
37,VAL,0.08791208791208792,ASN381,0.08791208791208792,GLU405,0.0
211,PRO,0.08591408591408592,LYS366,0.08591408591408592,GLU405,0.0
30,LEU,0.08491508491508491,GLU367,0.08491508491508491,GLU405,0.0
151,PRO,0.07292707292707293,LYS372,0.07292707292707293,GLU405,0.0
216,SER,0.008991008991008992,ARG359,0.008991008991008992,GLU405,0.0
166,HIS,0.006993006993006993,GLN362,0.006993006993006993,GLU405,0.0
62,GLY,0.005994005994005994,SER369,0.004995004995004995,GLU365,0.000999000999000999
83,LYS,0.005994005994005994,ILE375,0.005994005994005994,GLU405,0.0
201,GLU,0.001998001998001998,MET373,0.001998001998001998,GLU405,0.0
96,GLN,0.000999000999000999,ALA379,0.000999000999000999,GLU405,0.0
246,TRP,0.0,GLU405,0.0,ASN404,0.0
244,LYS,0.0,GLU405,0.0,ASN404,0.0
243,ILE,0.0,GLU405,0.0,ASN404,0.0
242,VAL,0.0,GLU405,0.0,ASN404,0.0
241,ASP,0.0,GLU405,0.0,ASN404,0.0
240,TYR,0.0,GLU405,0.0,ASN404,0.0
239,ASP,0.0,GLU405,0.0,ASN404,0.0
238,LEU,0.0,GLU405,0.0,ASN404,0.0
237,ARG,0.0,GLU405,0.0,ASN404,0.0
236,PRO,0.0,GLU405,0.0,ASN404,0.0
235,PRO,0.0,GLU405,0.0,ASN404,0.0
234,ASN,0.0,GLU405,0.0,ASN404,0.0
233,THR,0.0,GLU405,0.0,ASN404,0.0
231,GLN,0.0,GLU405,0.0,ASN404,0.0
245,ASP,0.0,GLU405,0.0,ASN404,0.0
263,GLY,0.0,GLU405,0.0,ASN404,0.0
261,ASP,0.0,GLU405,0.0,ASN404,0.0
260,CYS,0.0,GLU405,0.0,ASN404,0.0
259,HIS,0.0,GLU405,0.0,ASN404,0.0
258,TRP,0.0,GLU405,0.0,ASN404,0.0
257,VAL,0.0,GLU405,0.0,ASN404,0.0
256,ILE,0.0,GLU405,0.0,ASN404,0.0
232,ILE,0.0,GLU405,0.0,ASN404,0.0
304,SER,0.0,GLU405,0.0,ASN404,0.0
253,ILE,0.0,GLU405,0.0,ASN404,0.0
252,THR,0.0,GLU405,0.0,ASN404,0.0
251,GLY,0.0,GLU405,0.0,ASN404,0.0
250,SER,0.0,GLU405,0.0,ASN404,0.0
249,ALA,0.0,GLU405,0.0,ASN404,0.0
248,SER,0.0,GLU405,0.0,ASN404,0.0
247,LEU,0.0,GLU405,0.0,ASN404,0.0
255,GLY,0.0,GLU405,0.0,ASN404,0.0
213,GLY,0.0,GLU405,0.0,ASN404,0.0
212,TYR,0.0,GLU405,0.0,ASN404,0.0
307,THR,0.0,GLU405,0.0,ASN404,0.0
308,LYS,0.0,GLU405,0.0,ASN404,0.0
309,GLN,0.0,GLU405,0.0,ASN404,0.0
310,THR,0.0,GLU405,0.0,ASN404,0.0
311,GLN,0.0,GLU405,0.0,ASN404,0.0
262,ASP,0.0,GLU405,0.0,ASN404,0.0
313,SER,0.0,GLU405,0.0,ASN404,0.0
204,GLY,0.0,GLU405,0.0,ASN404,0.0
203,ILE,0.0,GLU405,0.0,ASN404,0.0
202,LEU,0.0,GLU405,0.0,ASN404,0.0
200,PHE,0.0,GLU405,0.0,ASN404,0.0
199,THR,0.0,GLU405,0.0,ASN404,0.0
198,LYS,0.0,GLU405,0.0,ASN404,0.0
197,GLY,0.0,GLU405,0.0,ASN404,0.0
312,ILE,0.0,GLU405,0.0,ASN404,0.0
230,PHE,0.0,GLU405,0.0,ASN404,0.0
229,SER,0.0,GLU405,0.0,ASN404,0.0
228,GLY,0.0,GLU405,0.0,ASN404,0.0
227,HIS,0.0,GLU405,0.0,ASN404,0.0
226,GLU,0.0,GLU405,0.0,ASN404,0.0
225,VAL,0.0,GLU405,0.0,ASN404,0.0
224,LEU,0.0,GLU405,0.0,ASN404,0.0
214,LEU,0.0,GLU405,0.0,ASN404,0.0
222,HIS,0.0,GLU405,0.0,ASN404,0.0
221,PHE,0.0,GLU405,0.0,ASN404,0.0
220,PRO,0.0,GLU405,0.0,ASN404,0.0
219,SER,0.0,GLU405,0.0,ASN404,0.0
218,ALA,0.0,GLU405,0.0,ASN404,0.0
305,ILE,0.0,GLU405,0.0,ASN404,0.0
306,VAL,0.0,GLU405,0.0,ASN404,0.0
215,GLY,0.0,GLU405,0.0,ASN404,0.0
223,ILE,0.0,GLU405,0.0,ASN404,0.0
329,ILE,0.0,GLU405,0.0,ASN404,0.0
328,ASP,0.0,GLU405,0.0,ASN404,0.0
327,VAL,0.0,GLU405,0.0,ASN404,0.0
326,LEU,0.0,GLU405,0.0,ASN404,0.0
325,SER,0.0,GLU405,0.0,ASN404,0.0
324,SER,0.0,GLU405,0.0,ASN404,0.0
323,PHE,0.0,GLU405,0.0,ASN404,0.0
264,GLN,0.0,GLU405,0.0,ASN404,0.0
321,LYS,0.0,GLU405,0.0,ASN404,0.0
320,ARG,0.0,GLU405,0.0,ASN404,0.0
319,ASN,0.0,GLU405,0.0,ASN404,0.0
318,LEU,0.0,GLU405,0.0,ASN404,0.0
317,LYS,0.0,GLU405,0.0,ASN404,0.0
27,ASN,0.0,GLU405,0.0,ASN404,0.0
299,ILE,0.0,GLU405,0.0,ASN404,0.0
298,THR,0.0,GLU405,0.0,ASN404,0.0
322,MET,0.0,GLU405,0.0,ASN404,0.0
2,ALA,0.0,GLU405,0.0,ASN404,0.0
25,PRO,0.0,GLU405,0.0,ASN404,0.0
24,LEU,0.0,GLU405,0.0,ASN404,0.0
23,GLN,0.0,GLU405,0.0,ASN404,0.0
22,GLN,0.0,GLU405,0.0,ASN404,0.0
3,ALA,0.0,GLU405,0.0,ASN404,0.0
4,HIS,0.0,GLU405,0.0,ASN404,0.0
330,LEU,0.0,GLU405,0.0,ASN404,0.0
6,LYS,0.0,GLU405,0.0,ASN404,0.0
17,PHE,0.0,GLU405,0.0,ASN404,0.0
16,LEU,0.0,GLU405,0.0,ASN404,0.0
7,HIS,0.0,GLU405,0.0,ASN404,0.0
8,CYS,0.0,GLU405,0.0,ASN404,0.0
9,VAL,0.0,GLU405,0.0,ASN404,0.0
315,LEU,0.0,GLU405,0.0,ASN404,0.0
10,GLN,0.0,GLU405,0.0,ASN404,0.0
5,ASN,0.0,GLU405,0.0,ASN404,0.0
279,ILE,0.0,GLU405,0.0,ASN404,0.0
11,SER,0.0,GLU405,0.0,ASN404,0.0
300,ASP,0.0,GLU405,0.0,ASN404,0.0
276,SER,0.0,GLU405,0.0,ASN404,0.0
275,LEU,0.0,GLU405,0.0,ASN404,0.0
274,ASN,0.0,GLU405,0.0,ASN404,0.0
273,LEU,0.0,GLU405,0.0,ASN404,0.0
297,VAL,0.0,GLU405,0.0,ASN404,0.0
301,ILE,0.0,GLU405,0.0,ASN404,0.0
270,ARG,0.0,GLU405,0.0,ASN404,0.0
302,GLU,0.0,GLU405,0.0,ASN404,0.0
268,VAL,0.0,GLU405,0.0,ASN404,0.0
303,GLN,0.0,GLU405,0.0,ASN404,0.0
266,PHE,0.0,GLU405,0.0,ASN404,0.0
265,MET,0.0,GLU405,0.0,ASN404,0.0
196,ALA,0.0,GLU405,0.0,ASN404,0.0
331,VAL,0.0,GLU405,0.0,ASN404,0.0
296,PRO,0.0,GLU405,0.0,ASN404,0.0
295,ILE,0.0,GLU405,0.0,ASN404,0.0
294,GLN,0.0,GLU405,0.0,ASN404,0.0
293,CYS,0.0,GLU405,0.0,ASN404,0.0
292,LEU,0.0,GLU405,0.0,ASN404,0.0
291,LEU,0.0,GLU405,0.0,ASN404,0.0
290,PRO,0.0,GLU405,0.0,ASN404,0.0
280,LYS,0.0,GLU405,0.0,ASN404,0.0
288,ILE,0.0,GLU405,0.0,ASN404,0.0
287,VAL,0.0,GLU405,0.0,ASN404,0.0
286,ASP,0.0,GLU405,0.0,ASN404,0.0
285,CYS,0.0,GLU405,0.0,ASN404,0.0
284,ASP,0.0,GLU405,0.0,ASN404,0.0
283,GLU,0.0,GLU405,0.0,ASN404,0.0
282,GLN,0.0,GLU405,0.0,ASN404,0.0
281,LYS,0.0,GLU405,0.0,ASN404,0.0
289,MET,0.0,GLU405,0.0,ASN404,0.0
109,GLY,0.0,GLU405,0.0,ASN404,0.0
43,ALA,0.0,GLU405,0.0,ASN404,0.0
44,GLN,0.0,GLU405,0.0,ASN404,0.0
45,SER,0.0,GLU405,0.0,ASN404,0.0
46,ALA,0.0,GLU405,0.0,ASN404,0.0
47,ILE,0.0,GLU405,0.0,ASN404,0.0
48,GLU,0.0,GLU405,0.0,ASN404,0.0
194,LYS,0.0,GLU405,0.0,ASN404,0.0
101,GLU,0.0,GLU405,0.0,ASN404,0.0
50,GLY,0.0,GLU405,0.0,ASN404,0.0
51,ILE,0.0,GLU405,0.0,ASN404,0.0
98,GLU,0.0,GLU405,0.0,ASN404,0.0
97,ASN,0.0,GLU405,0.0,ASN404,0.0
95,PHE,0.0,GLU405,0.0,ASN404,0.0
94,LYS,0.0,GLU405,0.0,ASN404,0.0
93,LYS,0.0,GLU405,0.0,ASN404,0.0
49,SER,0.0,GLU405,0.0,ASN404,0.0
126,PRO,0.0,GLU405,0.0,ASN404,0.0
125,VAL,0.0,GLU405,0.0,ASN404,0.0
124,VAL,0.0,GLU405,0.0,ASN404,0.0
123,LYS,0.0,GLU405,0.0,ASN404,0.0
122,MET,0.0,GLU405,0.0,ASN404,0.0
121,ASP,0.0,GLU405,0.0,ASN404,0.0
120,ASP,0.0,GLU405,0.0,ASN404,0.0
110,LYS,0.0,GLU405,0.0,ASN404,0.0
118,TYR,0.0,GLU405,0.0,ASN404,0.0
117,LYS,0.0,GLU405,0.0,ASN404,0.0
116,TRP,0.0,GLU405,0.0,ASN404,0.0
115,GLU,0.0,GLU405,0.0,ASN404,0.0
114,TYR,0.0,GLU405,0.0,ASN404,0.0
113,LYS,0.0,GLU405,0.0,ASN404,0.0
112,PRO,0.0,GLU405,0.0,ASN404,0.0
111,GLU,0.0,GLU405,0.0,ASN404,0.0
119,PRO,0.0,GLU405,0.0,ASN404,0.0
73,LYS,0.0,GLU405,0.0,ASN404,0.0
72,GLY,0.0,GLU405,0.0,ASN404,0.0
71,GLN,0.0,GLU405,0.0,ASN404,0.0
70,TYR,0.0,GLU405,0.0,ASN404,0.0
69,ALA,0.0,GLU405,0.0,ASN404,0.0
68,ASP,0.0,GLU405,0.0,ASN404,0.0
67,ILE,0.0,GLU405,0.0,ASN404,0.0
92,PHE,0.0,GLU405,0.0,ASN404,0.0
65,CYS,0.0,GLU405,0.0,ASN404,0.0
64,CYS,0.0,GLU405,0.0,ASN404,0.0
54,SER,0.0,GLU405,0.0,ASN404,0.0
55,VAL,0.0,GLU405,0.0,ASN404,0.0
60,LEU,0.0,GLU405,0.0,ASN404,0.0
56,ALA,0.0,GLU405,0.0,ASN404,0.0
58,GLU,0.0,GLU405,0.0,ASN404,0.0
57,THR,0.0,GLU405,0.0,ASN404,0.0
66,TYR,0.0,GLU405,0.0,ASN404,0.0
91,LYS,0.0,GLU405,0.0,ASN404,0.0
90,LYS,0.0,GLU405,0.0,ASN404,0.0
89,GLU,0.0,GLU405,0.0,ASN404,0.0
88,THR,0.0,GLU405,0.0,ASN404,0.0
87,SER,0.0,GLU405,0.0,ASN404,0.0
86,LYS,0.0,GLU405,0.0,ASN404,0.0
85,ASN,0.0,GLU405,0.0,ASN404,0.0
74,LEU,0.0,GLU405,0.0,ASN404,0.0
82,ARG,0.0,GLU405,0.0,ASN404,0.0
52,GLU,0.0,GLU405,0.0,ASN404,0.0
80,LEU,0.0,GLU405,0.0,ASN404,0.0
53,HIS,0.0,GLU405,0.0,ASN404,0.0
78,ALA,0.0,GLU405,0.0,ASN404,0.0
77,CYS,0.0,GLU405,0.0,ASN404,0.0
76,LEU,0.0,GLU405,0.0,ASN404,0.0
75,VAL,0.0,GLU405,0.0,ASN404,0.0
84,PRO,0.0,GLU405,0.0,ASN404,0.0
177,VAL,0.0,GLU405,0.0,ASN404,0.0
176,LEU,0.0,GLU405,0.0,ASN404,0.0
175,ALA,0.0,GLU405,0.0,ASN404,0.0
174,ARG,0.0,GLU405,0.0,ASN404,0.0
173,ASP,0.0,GLU405,0.0,ASN404,0.0
172,ASP,0.0,GLU405,0.0,ASN404,0.0
171,ILE,0.0,GLU405,0.0,ASN404,0.0
127,PRO,0.0,GLU405,0.0,ASN404,0.0
169,ALA,0.0,GLU405,0.0,ASN404,0.0
168,ASN,0.0,GLU405,0.0,ASN404,0.0
167,GLN,0.0,GLU405,0.0,ASN404,0.0
1,MET,0.0,GLU405,0.0,ASN404,0.0
314,LYS,0.0,GLU405,0.0,ASN404,0.0
316,MET,0.0,GLU405,0.0,ASN404,0.0
163,TYR,0.0,GLU405,0.0,ASN404,0.0
31,GLY,0.0,GLU405,0.0,ASN404,0.0
170,ILE,0.0,GLU405,0.0,ASN404,0.0
195,LEU,0.0,GLU405,0.0,ASN404,0.0
193,SER,0.0,GLU405,0.0,ASN404,0.0
192,LEU,0.0,GLU405,0.0,ASN404,0.0
191,PRO,0.0,GLU405,0.0,ASN404,0.0
190,LEU,0.0,GLU405,0.0,ASN404,0.0
189,THR,0.0,GLU405,0.0,ASN404,0.0
188,THR,0.0,GLU405,0.0,ASN404,0.0
178,LEU,0.0,GLU405,0.0,ASN404,0.0
186,VAL,0.0,GLU405,0.0,ASN404,0.0
185,LEU,0.0,GLU405,0.0,ASN404,0.0
184,GLY,0.0,GLU405,0.0,ASN404,0.0
183,ASP,0.0,GLU405,0.0,ASN404,0.0
182,THR,0.0,GLU405,0.0,ASN404,0.0
181,ASN,0.0,GLU405,0.0,ASN404,0.0
180,ARG,0.0,GLU405,0.0,ASN404,0.0
179,LEU,0.0,GLU405,0.0,ASN404,0.0
187,VAL,0.0,GLU405,0.0,ASN404,0.0
143,GLN,0.0,GLU405,0.0,ASN404,0.0
142,VAL,0.0,GLU405,0.0,ASN404,0.0
141,MET,0.0,GLU405,0.0,ASN404,0.0
140,GLY,0.0,GLU405,0.0,ASN404,0.0
139,GLY,0.0,GLU405,0.0,ASN404,0.0
138,GLU,0.0,GLU405,0.0,ASN404,0.0
137,ARG,0.0,GLU405,0.0,ASN404,0.0
33,ASN,0.0,GLU405,0.0,ASN404,0.0
135,VAL,0.0,GLU405,0.0,ASN404,0.0
134,GLY,0.0,GLU405,0.0,ASN404,0.0
133,HIS,0.0,GLU405,0.0,ASN404,0.0
132,ALA,0.0,GLU405,0.0,ASN404,0.0
131,PRO,0.0,GLU405,0.0,ASN404,0.0
130,TYR,0.0,GLU405,0.0,ASN404,0.0
129,TRP,0.0,GLU405,0.0,ASN404,0.0
128,CYS,0.0,GLU405,0.0,ASN404,0.0
136,ARG,0.0,GLU405,0.0,ASN404,0.0
160,ALA,0.0,GLU405,0.0,ASN404,0.0
159,ASP,0.0,GLU405,0.0,ASN404,0.0
158,SER,0.0,GLU405,0.0,ASN404,0.0
157,SER,0.0,GLU405,0.0,ASN404,0.0
156,ILE,0.0,GLU405,0.0,ASN404,0.0
155,PRO,0.0,GLU405,0.0,ASN404,0.0
154,VAL,0.0,GLU405,0.0,ASN404,0.0
144,PRO,0.0,GLU405,0.0,ASN404,0.0
152,GLY,0.0,GLU405,0.0,ASN404,0.0
38,ALA,0.0,GLU405,0.0,ASN404,0.0
150,VAL,0.0,GLU405,0.0,ASN404,0.0
39,THR,0.0,GLU405,0.0,ASN404,0.0
148,GLY,0.0,GLU405,0.0,ASN404,0.0
40,LYS,0.0,GLU405,0.0,ASN404,0.0
41,VAL,0.0,GLU405,0.0,ASN404,0.0
42,VAL,0.0,GLU405,0.0,ASN404,0.0
153,TRP,0.0,GLU405,0.0,ASN404,0.0
